{
  "project_info": {
    "project_number": "771097718951",
    "project_id": "users-58212",
    "storage_bucket": "users-58212.appspot.com"
  },
  "client": [
    {
      "client_info": {
        "mobilesdk_app_id": "1:771097718951:android:ad6c9c27315449304b2b82",
        "android_client_info": {
          "package_name": "com.example.ettaki"
        }
      },
      "oauth_client": [
        {
          "client_id": "771097718951-rjng0bg95l6f41q3rrhctd601d9b6m37.apps.googleusercontent.com",
          "client_type": 3
        }
      ],
      "api_key": [
        {
          "current_key": "AIzaSyAU63Yrkn_sQbrO61kIXwHQAUYr2g4PBog"
        }
      ],
      "services": {
        "appinvite_service": {
          "other_platform_oauth_client": [
            {
              "client_id": "771097718951-rjng0bg95l6f41q3rrhctd601d9b6m37.apps.googleusercontent.com",
              "client_type": 3
            }
          ]
        }
      }
    }
  ],
  "configuration_version": "1"
}